title,price,endDate,discount,count
Party Favors,701.94,13.02.2028,0.01,82
Iron Flask Sports Water Bottle,98.14,24.06.2028,0.21,73
Kindle,560.78,26.03.2030,0.1,42
ComfiLife Gel Enhanced Seat Cushion,582.38,21.12.2028,0.35,93
Cosmo 668ICS750 30 in,812.16,05.04.2028,0.29,63
Neoprene Dumbbell Hand Weights,901.02,11.02.2030,0.39,93
TastePure RV/Marine Water Filter with Flexible Hose Protector,541.86,18.01.2026,0.08,39
CHAPIN 20000 Garden Sprayer 1 Gallon Lawn,715.0,20.12.2029,0.41,43
Ernie Ball Hybrid Slinky Electric Guitar Strings,626.44,10.02.2027,0.18,69
Patented Fidget Cube w/ 36 Rare Earth Magnets,925.21,25.08.2025,0.05,22
Cosmo 668ICS750 30 in,203.69,05.10.2025,0.23,9
T-Sound USB Splitter for Laptop,837.38,11.04.2027,0.06,12
Docking Station USB C to Dual HDMI Adapter,706.6,14.05.2026,0.03,25
Baby Tablet Preschool Child Early Educational TouchPad for Fun Learn Number ABCs Spelling Animal,521.07,13.06.2027,0.14,33
Fire TV Cube,303.87,04.03.2029,0.1,86
Portable Countertop Dishwasher,346.98,27.05.2028,0.49,57
Acoustic Guitar Strings,50.76,13.06.2028,0.33,32
CHAPIN 20000 Garden Sprayer 1 Gallon Lawn,151.77,27.06.2025,0.23,29
TERRO T300 Liquid Ant Baits,734.48,27.10.2025,0.48,92
a Hands-free streaming device with Alexa,563.14,03.07.2030,0.13,27
Pokémon Assorted Card,445.71,23.05.2028,0.07,56
Sleek Socket Ultra-Thin Electrical Outlet Cover with 3 Outlet Power Strip,664.3,01.06.2030,0.44,36
Iron Flask Sports Water Bottle,260.16,17.10.2030,0.33,89
SHASHIBO Shape-Shifting Box – Award-Winning,888.2,26.01.2026,0.22,90
Floating Shelves Wall Mounted,736.26,17.12.2029,0.04,99
T-Sound USB Splitter for Laptop,43.67,06.07.2025,0.41,35
Everydrop by Whirlpool Ice and Water Refrigerator,527.6,19.07.2028,0.13,73
Fire HD 8 tablet,309.37,03.04.2028,0.42,79
Silonn Ice Makers Countertop,126.46,28.12.2029,0.03,99
EcoNour Car Windshield Sun Shade with Storage Pouch,632.59,20.02.2028,0.05,16
Electric Balloon Blower Pump/Electric Balloon Inflator for Decorations,137.98,11.02.2030,0.21,55
Acoustic Guitar Strings,100.7,25.08.2026,0.25,94
ComfiLife Gel Enhanced Seat Cushion,204.83,21.08.2029,0.41,48
Portable Washing Machine,461.19,02.06.2029,0.29,86
Aegend Swim Goggles,806.78,03.11.2029,0.36,92
Bed and Couch Pillows,66.47,22.01.2026,0.44,58
Microfiber Cleaning Cloths,770.94,07.01.2028,0.01,27
Fidget Toys,269.75,08.04.2025,0.06,44
TERRO T300 Liquid Ant Baits,383.35,04.03.2027,0.03,49
Mini Handheld Vacuum,103.6,19.12.2030,0.06,20
ComfiLife Gel Enhanced Seat Cushion,173.47,07.05.2025,0.31,62
Mac Book Pro Charger,48.13,27.03.2026,0.3,70
Fire HD 8 tablet,199.7,21.04.2028,0.07,82
Mac Book Pro Charger,86.14,14.07.2029,0.22,13
Ice Machine Cleaner and Descaler,850.67,04.04.2025,0.09,32
Pizza Grilling Set,226.99,13.03.2029,0.25,45
Cosmo 668ICS750 30 in,551.82,04.11.2025,0.2,43
Bed and Couch Pillows,80.7,05.11.2028,0.4,18
TP-Link Deco AX3000 WiFi 6 Mesh System,105.36,26.08.2025,0.12,98
Roku Express | HD Streaming Media Player,297.58,24.03.2029,0.24,92
Wireless Bluetooth Karaoke Microphone,805.83,08.12.2029,0.41,4
Portable,215.29,17.03.2029,0.32,84
Fidget Toys Easter Pop,257.86,12.05.2030,0.35,65
Apple AirTag,265.7,27.12.2026,0.35,82
Amazon Basics XLR Male to Female Microphone Cable – 3 Feet,971.07,04.02.2027,0.44,95
Echo Dot (4th Gen) | Smart speaker,417.36,03.03.2027,0.46,51
Callaway 2021 Supersoft Golf Balls 12B PK,52.3,25.12.2028,0.3,12
Wolmund Toddler Learning Toy,979.24,27.11.2027,0.01,34
Healthy Living Ultra Allergen,753.84,08.02.2029,0.49,21
Bed and Couch Pillows,775.78,28.08.2025,0.36,18
Original Tamagotchi – 90s,78.8,24.07.2028,0.38,13
Loop Exercise Bands,691.11,10.04.2026,0.26,35
Microfiber Cleaning Cloths,305.52,02.08.2028,0.06,82
weather-resistant HD security camera,590.58,19.06.2026,0.47,100
Veken Non-Slip Rug Pad Gripper,15.97,12.02.2030,0.11,28
Fire 7 Kids tablet,453.31,16.03.2026,0.28,28
Cleaning Gel for Car,301.17,12.07.2027,0.07,88
Healthy Living Ultra Allergen,585.09,15.03.2026,0.15,66
Everydrop by Whirlpool Ice and Water Refrigerator,503.03,02.08.2025,0.47,19
MODVEL 2 Pack Knee Brace,554.75,18.02.2026,0.37,84
Ferilinso Designed for iPhone 13 Pro Max Camera Lens Protector,592.49,24.04.2025,0.44,83
Everydrop by Whirlpool Ice and Water Refrigerator,862.57,08.04.2026,0.43,54
Wagner's 13008 Deluxe Wild Bird Food,73.54,08.11.2029,0.39,69
Bed and Couch Pillows,400.92,03.12.2025,0.1,29
Sleek Socket Ultra-Thin Electrical Outlet Cover with 3 Outlet Power Strip,794.04,18.03.2030,0.48,33
Bosch Workshop Air Filter,770.51,06.11.2030,0.44,48
Catchmaster 72MAX Pest Trap,409.73,01.07.2029,0.28,55
Fire TV Stick with Alexa Voice Remote,875.95,09.04.2028,0.35,5
The Original Slinky Walking Spring Toy,701.94,20.10.2030,0.35,37
Electric Balloon Blower Pump/Electric Balloon Inflator for Decorations,459.5,03.12.2030,0.37,61
Portable Washing Machine,12.6,10.04.2025,0.34,89
Command Large Picture Hanging Strips,360.98,23.09.2025,0.15,27
Non-Slip Suit Clothes Hangers,596.27,09.12.2025,0.37,38
Wireless Bluetooth Karaoke Microphone,505.1,24.04.2029,0.35,98
Grampa's Weeder,354.27,05.11.2025,0.37,58
Portable Washing Machine,829.83,05.09.2025,0.12,52
Bed and Couch Pillows,422.79,22.09.2029,0.02,29
Smart WiFi Router,952.42,16.06.2025,0.21,62
Standard Replacement Filters for Pitchers and Dispensers,979.77,01.03.2026,0.24,64
Ice Machine Cleaner and Descaler,797.21,04.04.2029,0.31,1
Silonn Ice Makers Countertop,644.76,27.12.2025,0.23,70
Laundry Door Post 2.0,473.77,16.09.2027,0.28,87
Electric Instrument Cable,554.57,01.05.2026,0.18,8
Metal Slinky,994.63,05.04.2027,0.37,41
Cosmo 668ICS750 30 in,153.57,01.04.2028,0.09,3
Aegend Swim Goggles,916.93,01.03.2028,0.02,49
TastePure RV/Marine Water Filter with Flexible Hose Protector,870.93,06.11.2027,0.24,86
Amazon Basics XLR Male to Female Microphone Cable – 3 Feet,23.5,20.12.2028,0.17,45
Kindle,202.12,10.09.2029,0.29,59
Intex Dura-Beam Deluxe Comfort Plush Air Mattress,310.44,07.04.2025,0.38,61
Standard Replacement Filters for Pitchers and Dispensers,275.52,18.12.2029,0.34,51
Catchmaster 72MAX Pest Trap,218.77,07.12.2030,0.12,96
Ortho Home Defense Insect Killer,805.53,27.12.2026,0.01,12
Docking Station USB C to Dual HDMI Adapter,217.02,25.06.2028,0.01,33
Ice Machine Cleaner and Descaler,423.35,05.08.2028,0.35,91
Amazon Basics XLR Male to Female Microphone Cable – 3 Feet,563.4,02.03.2025,0.04,34
Kitchens Slow Cooker Liners,24.31,24.08.2027,0.24,27
CHAPIN 20000 Garden Sprayer 1 Gallon Lawn,329.21,03.11.2027,0.38,87
Wolmund Toddler Learning Toy,784.85,05.12.2029,0.07,24
Docking Station USB C to Dual HDMI Adapter,719.99,24.04.2026,0.11,95
SONORO KATE Bathroom Rug,556.37,10.04.2029,0.12,21
Veken Non-Slip Rug Pad Gripper,133.35,09.01.2029,0.04,55
Command Large Picture Hanging Strips,76.64,09.10.2026,0.24,99
Ferilinso Designed for iPhone 13 Pro Max Camera Lens Protector,184.85,21.08.2025,0.33,85
Fire HD 8 tablet,69.66,23.01.2030,0.39,32
Mr Gold Foaming Car Wash Soap,153.63,12.08.2027,0.01,85
Fire HD 8 tablet,709.92,07.10.2027,0.34,10
LeapFrog 100 Animals Book,33.09,05.07.2026,0.49,100
Ernie Ball Hybrid Slinky Electric Guitar Strings,526.72,14.06.2027,0.03,32
Led Strip Lights,109.59,01.04.2028,0.22,2
Metal Slinky,457.46,22.12.2028,0.2,75
Portable Washing Machine,140.47,22.03.2027,0.24,100
Laundry Door Post 2.0,157.8,28.12.2029,0.48,77
Portable Laundry Washing Machine,383.22,02.02.2028,0.08,66
Smart WiFi Router,917.01,28.02.2028,0.48,20
Original Tamagotchi – 90s,826.55,24.06.2029,0.24,22
Intex Dura-Beam Deluxe Comfort Plush Air Mattress,45.25,12.02.2025,0.11,44
Electric Balloon Blower Pump/Electric Balloon Inflator for Decorations,806.48,25.06.2027,0.49,28
CHAPIN 20000 Garden Sprayer 1 Gallon Lawn,852.64,16.06.2026,0.39,41
Mr Gold Foaming Car Wash Soap,909.67,27.03.2026,0.32,58
Traeger Grills Apple,428.62,20.10.2029,0.4,90
AC Furnace Air Filter,358.92,19.10.2025,0.19,7
Portable,176.06,11.09.2027,0.28,82
Coleman Sundome Camping Tent,93.94,14.05.2026,0.15,50
Reusable and Washable,741.06,04.02.2029,0.11,33
Callaway 2021 Supersoft Golf Balls 12B PK,617.05,07.06.2028,0.49,79
Wolmund Toddler Learning Toy,606.92,11.11.2025,0.01,21
AC Furnace Air Filter,435.35,19.04.2028,0.45,13
Moto Pups Chase’s Deluxe Pull Back Motorcycle Vehicle with Wheelie Feature and Toy Figure,300.52,07.03.2029,0.39,20
Electric Balloon Blower Pump/Electric Balloon Inflator for Decorations,643.31,25.12.2027,0.46,91
Floating Shelves Wall Mounted,367.31,15.05.2026,0.06,79
Healthy Living Ultra Allergen,906.51,15.02.2027,0.29,32
Ortho Home Defense Insect Killer,603.51,08.11.2028,0.18,10
and Gifts,281.77,12.04.2027,0.46,54
Portable Countertop Dishwasher,94.14,18.10.2028,0.01,100
Command Large Picture Hanging Strips,296.2,07.08.2029,0.42,83
Sabrent 4-Port USB 2.0 Data Hub,32.88,05.08.2025,0.22,4
Electric Instrument Cable,448.47,16.09.2025,0.17,13
Metal Slinky,39.71,20.10.2030,0.42,98
Fire 7 Kids tablet,232.43,21.08.2028,0.36,74
Amazon Basics 3-Foot Extension Cord,957.4,08.05.2027,0.49,35
LeapFrog 100 Animals Book,740.3,06.03.2028,0.15,11
Cleaning Gel for Car,317.47,09.08.2027,0.42,13
SKIP-BO Card Game,866.99,07.10.2026,0.31,51
Bathroom Cart Organizer Mobile Shelving,400.08,23.12.2030,0.01,58
Traeger Grills Apple,194.14,20.08.2026,0.06,54
Mac Book Pro Charger,953.37,20.04.2027,0.34,62
and Gifts,934.61,05.07.2026,0.27,11
Aegend Swim Goggles,619.26,16.08.2029,0.3,62
Acoustic Guitar Strings,335.05,10.11.2027,0.43,89
Amazon Basics XLR Male to Female Microphone Cable – 3 Feet,403.17,08.09.2026,0.12,37
Bed and Couch Pillows,831.03,14.06.2028,0.12,45
Insulated Grocery shopping bag,876.26,19.08.2030,0.16,47
Fresheracc Fridge Freezer Refrigerator Cabinet Lock Latch,80.87,15.05.2028,0.37,86
and Gifts,970.73,27.06.2028,0.14,93
Microfiber Bed Sheet Set with 14” Deep Pockets,898.17,24.07.2028,0.49,19
a Hands-free streaming device with Alexa,772.39,23.05.2026,0.34,82
High Power,209.57,24.02.2028,0.1,94
High Power,619.74,15.03.2030,0.04,69
Paw Patrol,60.95,19.05.2029,0.42,46
Ernie Ball Hybrid Slinky Electric Guitar Strings,715.67,23.11.2030,0.06,100
Amazon Basics XLR Male to Female Microphone Cable – 3 Feet,779.15,05.03.2027,0.29,28
Acoustic Guitar Strings,122.87,17.02.2026,0.31,63
Cosmo 668ICS750 30 in,252.69,28.12.2027,0.36,18
Amazon Basics 3-Foot Extension Cord,802.01,14.12.2028,0.15,36
High Power,992.77,27.05.2029,0.23,91
Amazon Basics Exercise Yoga Mat,371.99,25.01.2028,0.24,72
Grampa's Weeder,103.55,22.07.2028,0.18,64
Fire 7 Kids tablet,388.26,03.07.2027,0.34,45
Filtrete 10x20x1,100.94,26.05.2029,0.1,92
CHAPIN 20000 Garden Sprayer 1 Gallon Lawn,483.72,25.03.2027,0.46,43
Fire HD 8 tablet,836.85,22.05.2027,0.2,24
Scotts Turf Builder Weed and Feed,817.55,16.11.2027,0.41,22
Bedside Table with Plastic Poles,202.31,23.04.2025,0.16,14
Neoprene Dumbbell Hand Weights,976.84,27.11.2030,0.41,9
Traeger Grills Apple,201.51,19.10.2030,0.46,58
LeapFrog 100 Animals Book,603.42,15.03.2029,0.01,18
Echo Dot (4th Gen) | Smart speaker,869.71,06.05.2025,0.33,80
Baby Monitor Dog Camera 360-degree,248.6,10.09.2027,0.37,54
Standard Replacement Filters for Pitchers and Dispensers,158.43,02.04.2025,0.22,58
SHASHIBO Shape-Shifting Box – Award-Winning,831.29,02.01.2028,0.37,59
Intex Dura-Beam Deluxe Comfort Plush Air Mattress,326.15,14.09.2029,0.21,71
Ortho Home Defense Insect Killer,531.25,08.09.2027,0.11,10
TastePure RV/Marine Water Filter with Flexible Hose Protector,413.08,18.06.2026,0.5,8
Colorful VSCO Waterproof Stickers,540.82,24.05.2026,0.34,9
Fidget Toys Easter Pop,52.49,16.02.2027,0.38,49
Metal Slinky,898.89,24.10.2025,0.09,6
Wireless Bluetooth Karaoke Microphone,48.6,04.01.2028,0.17,15
Wireless Bluetooth Karaoke Microphone,608.76,05.08.2030,0.2,82
Fire TV Cube,950.53,08.06.2029,0.42,78
Fire TV Cube,656.6,21.04.2027,0.17,83
Docking Station USB C to Dual HDMI Adapter,599.77,17.05.2028,0.28,41
Fresheracc Fridge Freezer Refrigerator Cabinet Lock Latch,783.12,17.03.2026,0.4,73
Amazon Basics Guitar Folding A-Frame Stand,971.73,17.10.2026,0.11,22
Insulated Grocery shopping bag,915.03,17.05.2027,0.41,64
Everydrop by Whirlpool Ice and Water Refrigerator,309.98,05.07.2027,0.25,54
Digital Chromatic Tuner for Guitar,732.13,25.12.2027,0.26,33
ComfiLife Gel Enhanced Seat Cushion,814.2,24.01.2026,0.23,68
The Original Slinky Walking Spring Toy,492.9,10.03.2028,0.39,2
Amazon Basics XLR Male to Female Microphone Cable – 3 Feet,191.76,17.02.2027,0.46,17
Catchmaster 72MAX Pest Trap,602.92,27.04.2030,0.47,88
Non-Abrasive,724.69,20.04.2030,0.03,47
Floating Shelves Wall Mounted,580.08,20.04.2026,0.11,54
Party Favors,900.94,14.05.2030,0.42,30
SONORO KATE Bathroom Rug,122.38,22.02.2025,0.03,16
Pokémon Assorted Card,523.0,19.06.2030,0.17,35
Non-Slip Suit Clothes Hangers,161.6,06.03.2028,0.03,1
Cleaning Gel for Car,699.13,24.07.2030,0.15,100
AC Furnace Air Filter,547.72,05.09.2030,0.37,63
Bathroom Cart Organizer Mobile Shelving,398.73,26.05.2026,0.46,56
Veken Non-Slip Rug Pad Gripper,311.13,04.11.2027,0.29,41
Wolmund Toddler Learning Toy,265.77,20.12.2025,0.15,12
Microfiber Cleaning Cloths,588.76,03.06.2025,0.08,41
Echo Dot | Smart speaker,581.74,19.01.2025,0.08,76
Fujifilm Instax Mini Instant Film,771.59,21.12.2030,0.27,59
Flexzilla HFZG510YW Garden Lead,377.7,09.05.2025,0.45,46
Non-Abrasive,22.84,17.08.2027,0.41,16
Pokémon Assorted Card,599.64,28.07.2027,0.14,49
Grampa's Weeder,66.03,05.07.2027,0.16,36
Wyze Cam Spotlight,598.19,03.05.2026,0.08,94
The Original Slinky Walking Spring Toy,377.47,14.09.2029,0.36,8
Non-Abrasive,981.41,06.11.2026,0.42,27
Ortho Home Defense Insect Killer,328.55,14.02.2028,0.05,28
Cosmo 668ICS750 30 in,91.0,02.03.2025,0.48,19
Electric Balloon Blower Pump/Electric Balloon Inflator for Decorations,227.25,10.04.2026,0.32,29
Insulated Grocery shopping bag,84.22,07.12.2027,0.11,50
Intex Dura-Beam Deluxe Comfort Plush Air Mattress,583.4,13.07.2029,0.17,88
Workout Traveling Running Casual Hands-Free Wallets,138.03,25.08.2030,0.36,73
Electric Instrument Cable,701.55,09.01.2025,0.06,14
CHAPIN 20000 Garden Sprayer 1 Gallon Lawn,480.91,06.03.2027,0.41,51
Electric Instrument Cable,413.52,18.06.2029,0.09,79
Floating Shelves Wall Mounted,898.43,01.08.2030,0.01,28
CHAPIN 20000 Garden Sprayer 1 Gallon Lawn,518.82,19.10.2027,0.06,40
Traeger Grills Apple,973.38,11.09.2029,0.11,78
USB Condenser Gaming Microphone,904.99,04.03.2029,0.18,38
Portable Washing Machine,627.15,23.11.2025,0.41,13
Echo Dot (4th Gen) | Smart speaker,548.72,27.07.2025,0.07,38
Bathroom Cart Organizer Mobile Shelving,226.67,25.07.2025,0.09,74
Metal Slinky,308.22,15.07.2026,0.43,21
Filtrete 10x20x1,836.6,07.09.2027,0.11,38
Wireless Bluetooth Karaoke Microphone,576.2,16.08.2026,0.01,94
EcoNour Car Windshield Sun Shade with Storage Pouch,519.29,11.05.2025,0.19,18
Ice Machine Cleaner and Descaler,181.68,20.10.2028,0.43,68
Bed and Couch Pillows,501.33,16.04.2025,0.03,86
and Gifts,372.7,08.09.2029,0.03,39
T-Sound USB Splitter for Laptop,935.67,20.10.2026,0.35,20
Black Disposable Face Mask,783.21,13.11.2026,0.21,49
Baby Tablet Preschool Child Early Educational TouchPad for Fun Learn Number ABCs Spelling Animal,73.99,19.02.2027,0.15,5
Fire HD 8 tablet,772.16,17.11.2025,0.05,13
Non-Abrasive,504.07,08.04.2026,0.23,60
T-Sound USB Splitter for Laptop,910.49,25.04.2028,0.13,85
Microfiber Cleaning Cloths,240.46,10.01.2028,0.16,18
Microfiber Cleaning Cloths,130.22,27.08.2028,0.08,77
SHASHIBO Shape-Shifting Box – Award-Winning,486.95,26.05.2030,0.39,74
Traeger Grills Apple,81.32,19.02.2029,0.48,61
a Hands-free streaming device with Alexa,476.09,07.04.2030,0.43,42
Focusrite Scarlett Solo 3rd Gen USB Audio Interface,189.75,22.12.2027,0.44,1
Docking Station USB C to Dual HDMI Adapter,325.72,26.02.2025,0.41,2
Roku Express | HD Streaming Media Player,325.84,09.04.2026,0.48,1
Wireless Bluetooth Karaoke Microphone,176.07,03.05.2027,0.15,41
Cleaning Gel for Car,229.38,28.09.2025,0.12,16
Echo Dot | Smart speaker,43.63,01.10.2027,0.14,86
Portable,235.32,11.05.2026,0.33,29
Flexzilla HFZG510YW Garden Lead,949.73,03.12.2029,0.09,65
Paw Patrol,638.33,15.08.2029,0.37,98
weather-resistant HD security camera,974.03,22.05.2029,0.24,81
Portable Countertop Dishwasher,679.48,05.10.2025,0.06,70
TP-Link Deco AX3000 WiFi 6 Mesh System,429.81,28.11.2027,0.47,23
Amazon Basics 3-Foot Extension Cord,430.64,27.04.2030,0.25,21
Colorful VSCO Waterproof Stickers,139.0,20.10.2026,0.05,44
Cleaning Gel for Car,421.0,21.01.2029,0.27,44
Pokémon Assorted Card,549.33,09.02.2025,0.13,13
Amazon Basics Exercise Yoga Mat,378.37,25.11.2030,0.29,17
Bedside Table with Plastic Poles,862.84,06.01.2028,0.01,72
Veken Non-Slip Rug Pad Gripper,342.75,06.01.2025,0.38,15
EcoNour Car Windshield Sun Shade with Storage Pouch,952.04,01.07.2029,0.37,68
Wolmund Toddler Learning Toy,847.8,14.05.2030,0.24,56
Laundry Door Post 2.0,535.56,22.04.2025,0.02,98
Metal Slinky,578.55,21.10.2029,0.05,65
TP-Link Deco AX3000 WiFi 6 Mesh System,906.96,18.02.2025,0.13,95
Callaway 2021 Supersoft Golf Balls 12B PK,637.96,01.02.2025,0.28,61
Patented Fidget Cube w/ 36 Rare Earth Magnets,317.84,19.02.2026,0.11,52
Focusrite Scarlett Solo 3rd Gen USB Audio Interface,94.8,23.05.2030,0.45,95
Sleek Socket Ultra-Thin Electrical Outlet Cover with 3 Outlet Power Strip,280.23,16.02.2029,0.06,23
Pizza Grilling Set,732.93,20.11.2028,0.25,47
Bathroom Cart Organizer Mobile Shelving,431.55,03.08.2027,0.47,23
Ortho Home Defense Insect Killer,667.97,09.02.2025,0.41,69
Healthy Living Ultra Allergen,791.84,10.05.2025,0.32,79
USB Condenser Gaming Microphone,416.74,13.10.2026,0.17,84
EcoNour Car Windshield Sun Shade with Storage Pouch,196.26,09.08.2030,0.47,44
Non-Abrasive,768.64,04.08.2025,0.25,67
Fire TV Stick with Alexa Voice Remote,14.24,21.05.2028,0.18,15
Fire HD 8 tablet,175.23,16.12.2026,0.38,12
Roku Express | HD Streaming Media Player,470.83,03.11.2030,0.11,72
Filtrete 10x20x1,972.56,05.10.2025,0.46,35
Ice Machine Cleaner and Descaler,910.44,09.02.2025,0.44,88
Metal Slinky,791.86,08.06.2025,0.29,10
Fire TV Stick with Alexa Voice Remote,664.45,21.03.2030,0.5,80
Laundry Door Post 2.0,550.6,04.04.2026,0.2,9
SKIP-BO Card Game,630.51,27.11.2026,0.35,17
Mobil 1 Extended Performance Full Synthetic Motor Oil,713.27,05.08.2028,0.0,90
Fresheracc Fridge Freezer Refrigerator Cabinet Lock Latch,62.37,13.08.2025,0.41,40
Bosch Workshop Air Filter,177.1,19.08.2030,0.19,75
Everydrop by Whirlpool Ice and Water Refrigerator,587.02,10.04.2026,0.22,37
Fidget Toys Easter Pop,752.49,21.02.2026,0.14,65
Echo Dot | Smart speaker,662.59,27.09.2029,0.33,97
Fire HD 8 tablet,706.55,03.04.2029,0.04,68
Echo Dot (4th Gen) | Smart speaker,817.16,26.12.2026,0.15,28
Ferilinso Designed for iPhone 13 Pro Max Camera Lens Protector,593.28,19.05.2025,0.16,97
Cosmo 668ICS750 30 in,373.49,22.06.2028,0.16,17
Grampa's Weeder,830.63,20.11.2029,0.04,8
LeapFrog 100 Animals Book,942.77,12.10.2028,0.05,29
Iron Flask Sports Water Bottle,663.11,18.11.2029,0.08,70
Echo Dot | Smart speaker,218.47,26.06.2026,0.12,99
Iron Flask Sports Water Bottle,16.26,26.12.2027,0.46,21
Wireless Bluetooth Karaoke Microphone,587.04,15.10.2028,0.06,100
Fire TV Stick with Alexa Voice Remote,867.76,24.03.2029,0.36,6
High Power,813.9,24.07.2029,0.26,83
Amazon Basics Exercise Yoga Mat,767.24,28.07.2030,0.49,45
Echo Dot | Smart speaker,389.07,26.05.2025,0.12,48
Grampa's Weeder,939.66,15.10.2025,0.05,36
Kitchens Slow Cooker Liners,419.7,21.03.2030,0.36,93
Iron Flask Sports Water Bottle,763.11,18.09.2028,0.5,10
Intex Dura-Beam Deluxe Comfort Plush Air Mattress,664.65,09.11.2026,0.16,76
Everydrop by Whirlpool Ice and Water Refrigerator,531.14,12.02.2030,0.14,76
Non-Abrasive,11.74,13.08.2025,0.12,92
Flexzilla HFZG510YW Garden Lead,244.19,11.07.2025,0.3,90
Ferilinso Designed for iPhone 13 Pro Max Camera Lens Protector,547.27,28.12.2029,0.03,93
SHASHIBO Shape-Shifting Box – Award-Winning,834.34,13.06.2025,0.09,71
Non-Abrasive,665.74,13.04.2029,0.29,3
Wired Over-Ear Headphones,258.92,11.11.2028,0.23,22
Sabrent 4-Port USB 2.0 Data Hub,661.86,21.11.2026,0.33,73
Cosmo 668ICS750 30 in,752.11,07.05.2025,0.1,62
Command Large Picture Hanging Strips,372.44,15.08.2025,0.06,66
Fujifilm Instax Mini Instant Film,737.19,27.01.2025,0.08,59
Portable,418.12,11.06.2026,0.42,19
Veken Non-Slip Rug Pad Gripper,812.42,17.06.2025,0.31,86
Fidget Toys Easter Pop,822.51,04.11.2029,0.01,64
Fire 7 Kids tablet,480.77,24.03.2028,0.15,41
SKIP-BO Card Game,641.97,18.09.2026,0.36,83
Ice Machine Cleaner and Descaler,534.31,28.02.2029,0.12,61
Apple AirTag,910.07,23.02.2026,0.1,51
a Hands-free streaming device with Alexa,321.36,17.02.2027,0.33,57
Aegend Swim Goggles,973.56,17.09.2028,0.27,28
Portable Countertop Dishwasher,521.38,01.09.2030,0.44,31
Colorful VSCO Waterproof Stickers,342.38,26.09.2025,0.31,30
Kitchens Slow Cooker Liners,331.89,19.03.2027,0.16,84
Workout Traveling Running Casual Hands-Free Wallets,796.76,17.06.2030,0.27,93
Roku Express | HD Streaming Media Player,315.84,28.02.2028,0.06,33
Standard Replacement Filters for Pitchers and Dispensers,381.22,17.02.2029,0.08,62
Traeger Grills Apple,491.41,20.10.2030,0.33,64
Fidget Toys,844.92,25.08.2026,0.41,64
Amazon Basics Guitar Folding A-Frame Stand,235.91,17.05.2027,0.3,95
CHAPIN 20000 Garden Sprayer 1 Gallon Lawn,691.89,14.03.2029,0.05,75
AC Furnace Air Filter,464.65,04.11.2030,0.01,94
Fujifilm Instax Mini Instant Film,607.95,24.01.2029,0.31,81
Mac Book Pro Charger,871.22,14.11.2025,0.38,65
Workout Traveling Running Casual Hands-Free Wallets,670.25,18.05.2026,0.21,32
Moto Pups Chase’s Deluxe Pull Back Motorcycle Vehicle with Wheelie Feature and Toy Figure,405.14,26.11.2030,0.1,94
Bed and Couch Pillows,974.35,13.02.2027,0.01,39
Fujifilm Instax Mini Instant Film,495.4,01.12.2029,0.17,85
Wireless Bluetooth Karaoke Microphone,383.22,06.06.2030,0.18,100
Fire HD 8 tablet,39.48,02.03.2029,0.17,48
USB Condenser Gaming Microphone,437.75,17.06.2026,0.09,32
Party Favors,839.82,21.06.2028,0.18,98
Everydrop by Whirlpool Ice and Water Refrigerator,873.97,06.01.2028,0.49,100
Baby Monitor Dog Camera 360-degree,693.24,09.12.2027,0.42,50
Callaway 2021 Supersoft Golf Balls 12B PK,372.72,18.08.2030,0.06,84
Iron Flask Sports Water Bottle,192.88,28.08.2027,0.18,86
Apple AirTag,586.98,22.06.2025,0.01,5
Fire TV Cube,317.97,06.08.2026,0.39,73
Sleek Socket Ultra-Thin Electrical Outlet Cover with 3 Outlet Power Strip,333.88,02.08.2026,0.23,30
Patented Fidget Cube w/ 36 Rare Earth Magnets,886.17,01.05.2028,0.17,11
EcoNour Car Windshield Sun Shade with Storage Pouch,131.64,17.02.2027,0.19,21
Filtrete 10x20x1,354.26,22.01.2026,0.01,73
Kindle,53.96,25.09.2029,0.28,17
Microfiber Bed Sheet Set with 14” Deep Pockets,825.2,18.01.2029,0.03,4
Echo Dot | Smart speaker,441.27,02.11.2028,0.41,37
SONORO KATE Bathroom Rug,690.49,07.12.2026,0.32,14
Veken Non-Slip Rug Pad Gripper,978.74,12.05.2029,0.29,37
Aegend Swim Goggles,417.61,12.11.2027,0.44,7
Echo Dot | Smart speaker,104.37,01.03.2027,0.43,19
Non-Slip Suit Clothes Hangers,308.51,09.04.2028,0.25,76
Acoustic Guitar Strings,183.83,14.04.2030,0.06,8
TP-Link Deco AX3000 WiFi 6 Mesh System,129.69,13.06.2027,0.41,82
Ortho Home Defense Insect Killer,916.66,13.09.2026,0.41,85
USB Condenser Gaming Microphone,37.19,11.04.2026,0.49,48
Amazon Basics XLR Male to Female Microphone Cable – 3 Feet,870.47,09.06.2027,0.22,52
Pokémon Assorted Card,777.86,17.08.2027,0.18,96
SHASHIBO Shape-Shifting Box – Award-Winning,631.16,20.06.2029,0.1,33
Fujifilm Instax Mini Instant Film,28.41,16.12.2027,0.49,33
Grampa's Weeder,529.32,06.01.2025,0.15,48
Command Large Picture Hanging Strips,946.69,27.04.2030,0.17,46
Ice Machine Cleaner and Descaler,172.85,19.11.2025,0.45,89
Echo Dot | Smart speaker,153.16,02.07.2029,0.4,30
MPR 1500,279.84,03.12.2030,0.15,67
Neoprene Dumbbell Hand Weights,819.24,09.07.2025,0.16,86
Coleman Sundome Camping Tent,298.25,05.04.2028,0.42,71
Aegend Swim Goggles,892.22,18.11.2025,0.3,8
Kindle,347.83,14.09.2028,0.01,59
Apple AirTag,166.84,21.02.2026,0.42,20
Floating Shelves Wall Mounted,820.92,13.09.2030,0.35,48
Amazon Basics XLR Male to Female Microphone Cable – 3 Feet,946.36,28.12.2028,0.32,86
Fire HD 8 tablet,90.59,02.06.2025,0.22,53
Portable Countertop Dishwasher,132.69,27.06.2029,0.12,39
Non-Abrasive,621.9,25.05.2025,0.32,7
Wired Over-Ear Headphones,61.56,13.03.2027,0.21,88
Party Favors,140.49,13.07.2028,0.39,81
Portable Laundry Washing Machine,884.59,15.10.2029,0.46,42
Roku Express | HD Streaming Media Player,592.27,14.11.2025,0.19,46
Portable,16.06,18.11.2028,0.5,21
Aegend Swim Goggles,124.71,26.01.2026,0.43,16
Moto Pups Chase’s Deluxe Pull Back Motorcycle Vehicle with Wheelie Feature and Toy Figure,455.76,11.10.2026,0.19,30
Microfiber Bed Sheet Set with 14” Deep Pockets,654.84,20.06.2026,0.06,70
Docking Station USB C to Dual HDMI Adapter,742.23,24.03.2028,0.34,48
Paw Patrol,998.54,06.09.2026,0.13,56
Scotts Turf Builder Weed and Feed,484.96,20.07.2027,0.3,76
Kindle,243.41,27.05.2025,0.3,99
Black Disposable Face Mask,714.25,21.09.2029,0.04,38
Flexzilla HFZG510YW Garden Lead,701.74,23.02.2026,0.26,16
Callaway 2021 Supersoft Golf Balls 12B PK,558.59,15.05.2025,0.44,40
a Hands-free streaming device with Alexa,524.92,07.02.2028,0.45,48
Black Disposable Face Mask,570.25,23.09.2027,0.32,98
Patented Fidget Cube w/ 36 Rare Earth Magnets,215.78,11.10.2027,0.37,86
Portable Countertop Dishwasher,278.84,27.10.2028,0.45,19
Mobil 1 Extended Performance Full Synthetic Motor Oil,220.84,11.01.2027,0.5,5
Focusrite Scarlett Solo 3rd Gen USB Audio Interface,235.92,27.10.2028,0.33,57
TP-Link Deco AX3000 WiFi 6 Mesh System,599.13,05.01.2030,0.31,38
TP-Link Deco AX3000 WiFi 6 Mesh System,655.45,09.10.2028,0.26,87
Aegend Swim Goggles,411.57,22.11.2025,0.16,16
Acoustic Guitar Strings,648.28,19.03.2028,0.49,19
TP-Link Deco AX3000 WiFi 6 Mesh System,959.61,11.06.2025,0.02,11
T-Sound USB Splitter for Laptop,868.49,12.09.2026,0.3,36
MPR 1500,800.05,03.01.2026,0.48,50
Fresheracc Fridge Freezer Refrigerator Cabinet Lock Latch,671.23,08.12.2029,0.46,27
Sabrent 4-Port USB 2.0 Data Hub,965.9,09.07.2028,0.36,7
Electric Instrument Cable,381.41,09.04.2026,0.15,64
EcoNour Car Windshield Sun Shade with Storage Pouch,678.13,27.04.2030,0.22,41
Amazon Basics XLR Male to Female Microphone Cable – 3 Feet,90.58,03.07.2030,0.34,17
Water Repellency Wiper Blade,974.28,18.06.2027,0.23,3
Portable Washing Machine,774.7,24.11.2029,0.36,61
Baby Monitor Dog Camera 360-degree,29.87,08.02.2030,0.35,32
Catchmaster 72MAX Pest Trap,892.12,09.02.2029,0.34,14
Coleman Sundome Camping Tent,98.11,10.01.2028,0.24,68
TERRO T300 Liquid Ant Baits,712.8,20.04.2026,0.11,98
Bedside Table with Plastic Poles,875.39,08.07.2029,0.26,26
Pokémon Assorted Card,966.46,26.07.2030,0.09,37
Non-Abrasive,435.97,11.05.2025,0.32,41
a Hands-free streaming device with Alexa,363.72,20.12.2026,0.24,75
Miracle-Gro Indoor Plant Food Spikes,467.59,21.08.2028,0.15,55
and Gifts,19.84,06.12.2027,0.42,80
Ring Video Doorbell,701.46,08.06.2028,0.19,57
Pokémon Assorted Card,424.6,24.10.2029,0.22,65
Original Tamagotchi – 90s,298.11,12.10.2027,0.08,60
Bed and Couch Pillows,289.11,02.09.2027,0.48,80
Cleaning Gel for Car,163.37,25.12.2029,0.09,37
Apple AirTag,835.81,27.07.2027,0.38,56
Non-Slip Suit Clothes Hangers,961.73,03.09.2027,0.19,6
Moto Pups Chase’s Deluxe Pull Back Motorcycle Vehicle with Wheelie Feature and Toy Figure,198.47,13.03.2026,0.37,71
Docking Station USB C to Dual HDMI Adapter,47.75,11.09.2026,0.16,6
Veken Non-Slip Rug Pad Gripper,373.98,06.05.2028,0.34,31
Original Tamagotchi – 90s,39.5,26.05.2027,0.43,19
Focusrite Scarlett Solo 3rd Gen USB Audio Interface,585.9,26.12.2027,0.38,27
The Original Slinky Walking Spring Toy,155.26,08.04.2028,0.21,39
Echo Dot | Smart speaker,555.81,16.08.2029,0.36,85
Bosch Workshop Air Filter,824.59,24.06.2027,0.23,18
Laundry Door Post 2.0,140.03,14.06.2029,0.14,61
Cleaning Gel for Car,893.66,12.08.2028,0.06,20
TP-Link Deco AX3000 WiFi 6 Mesh System,576.92,06.05.2030,0.15,96
Smart WiFi Router,947.8,12.01.2027,0.01,86
Metal Slinky,95.24,25.02.2030,0.23,17
Reusable and Washable,997.24,15.05.2028,0.17,94
SHASHIBO Shape-Shifting Box – Award-Winning,96.27,15.06.2028,0.28,4
Fidget Toys,982.37,24.03.2025,0.18,43
Mini Handheld Vacuum,20.96,21.10.2029,0.01,36
Digital Chromatic Tuner for Guitar,553.89,01.01.2028,0.36,75
Colorful VSCO Waterproof Stickers,539.93,08.01.2025,0.31,26
Floating Shelves Wall Mounted,452.93,02.02.2027,0.25,64
Baby Tablet Preschool Child Early Educational TouchPad for Fun Learn Number ABCs Spelling Animal,213.54,22.05.2026,0.03,74
Electric Balloon Blower Pump/Electric Balloon Inflator for Decorations,336.75,12.05.2027,0.44,17
Workout Traveling Running Casual Hands-Free Wallets,432.71,07.04.2027,0.03,58
Blink Outdoor – wireless,129.89,19.01.2027,0.46,23
Apple AirTag,584.23,04.02.2027,0.2,47
Kitchens Slow Cooker Liners,266.9,04.08.2029,0.14,76
Traeger Grills Apple,154.58,03.10.2027,0.3,30
Portable,504.27,25.05.2027,0.29,74
Kitchens Slow Cooker Liners,427.25,16.08.2029,0.43,92
Amazon Basics XLR Male to Female Microphone Cable – 3 Feet,996.23,09.04.2026,0.23,34
Baby Tablet Preschool Child Early Educational TouchPad for Fun Learn Number ABCs Spelling Animal,896.21,04.05.2029,0.16,75
Callaway 2021 Supersoft Golf Balls 12B PK,979.95,26.11.2027,0.46,57
Non-Slip Suit Clothes Hangers,649.58,14.02.2028,0.17,64
Original Tamagotchi – 90s,367.45,22.08.2030,0.15,3
Apple AirTag,782.98,09.10.2028,0.27,94
Pizza Grilling Set,791.6,09.04.2028,0.24,92
Standard Replacement Filters for Pitchers and Dispensers,104.43,11.10.2029,0.03,85
SKIP-BO Card Game,616.97,26.06.2029,0.21,40
and Gifts,263.47,22.01.2029,0.38,96
Fresheracc Fridge Freezer Refrigerator Cabinet Lock Latch,908.04,10.04.2026,0.01,98
Baby Monitor Dog Camera 360-degree,571.11,04.04.2027,0.18,57
Non-Abrasive,992.55,12.06.2030,0.1,70
Electric Balloon Blower Pump/Electric Balloon Inflator for Decorations,916.06,04.11.2027,0.44,19
SKIP-BO Card Game,411.26,10.03.2028,0.24,15
CHAPIN 20000 Garden Sprayer 1 Gallon Lawn,409.21,19.10.2029,0.12,24
Party Favors,628.81,12.07.2026,0.49,44
Echo Dot | Smart speaker,587.04,23.11.2030,0.43,94
Amazon Basics 3-Foot Extension Cord,559.81,08.05.2030,0.49,53
Intex Dura-Beam Deluxe Comfort Plush Air Mattress,893.94,28.02.2029,0.16,63
Workout Traveling Running Casual Hands-Free Wallets,89.21,01.07.2025,0.09,68
Baby Monitor Dog Camera 360-degree,703.39,25.12.2028,0.15,52
Kitchens Slow Cooker Liners,144.04,06.09.2027,0.39,23
Filtrete 10x20x1,730.72,03.07.2030,0.28,55
Ring Video Doorbell,373.09,21.02.2028,0.33,27
Patented Fidget Cube w/ 36 Rare Earth Magnets,452.98,28.05.2030,0.18,83
The Original Slinky Walking Spring Toy,773.95,12.11.2026,0.1,33
Wired Over-Ear Headphones,87.79,19.08.2027,0.13,65
Workout Traveling Running Casual Hands-Free Wallets,113.51,22.05.2029,0.23,56
Fresheracc Fridge Freezer Refrigerator Cabinet Lock Latch,547.99,25.10.2028,0.46,52
Pokémon Assorted Card,488.68,05.09.2028,0.45,63
Portable Laundry Washing Machine,629.74,03.10.2029,0.07,92
Microfiber Cleaning Cloths,366.43,17.08.2025,0.08,88
Echo Dot (4th Gen) | Smart speaker,738.5,03.12.2026,0.06,67
Baby Monitor Dog Camera 360-degree,128.64,01.12.2027,0.3,2
Sleek Socket Ultra-Thin Electrical Outlet Cover with 3 Outlet Power Strip,873.68,14.12.2026,0.47,39
SKIP-BO Card Game,574.01,24.10.2029,0.04,47
Non-Abrasive,44.27,03.11.2025,0.1,57
Insulated Grocery shopping bag,391.42,06.05.2027,0.42,22
Command Large Picture Hanging Strips,850.51,16.06.2025,0.48,87
Grampa's Weeder,941.0,16.11.2029,0.29,68
Standard Replacement Filters for Pitchers and Dispensers,150.58,16.10.2029,0.46,24
Coleman Sundome Camping Tent,596.74,25.07.2028,0.22,46
Water Repellency Wiper Blade,764.84,18.01.2027,0.34,2
Bed and Couch Pillows,274.26,07.04.2028,0.27,98
Cleaning Gel for Car,81.61,08.06.2026,0.33,83
CHAPIN 20000 Garden Sprayer 1 Gallon Lawn,893.65,03.07.2027,0.27,74
Kindle,242.33,03.12.2026,0.24,31
TP-Link Deco AX3000 WiFi 6 Mesh System,544.57,09.03.2028,0.25,59
Pizza Grilling Set,903.77,09.05.2029,0.49,86
Ernie Ball Hybrid Slinky Electric Guitar Strings,32.51,17.12.2028,0.08,69
Fidget Toys,383.97,07.09.2026,0.2,73
Portable,587.11,10.01.2030,0.26,51
Focusrite Scarlett Solo 3rd Gen USB Audio Interface,574.45,01.06.2026,0.4,79
Bed and Couch Pillows,419.11,28.08.2026,0.06,23
SONORO KATE Bathroom Rug,221.36,25.03.2027,0.4,55
Amazon Basics XLR Male to Female Microphone Cable – 3 Feet,707.86,03.08.2026,0.16,98
SKIP-BO Card Game,921.56,12.08.2029,0.36,12
Cosmo 668ICS750 30 in,548.75,24.06.2028,0.38,86
Pokémon Assorted Card,47.27,12.10.2028,0.26,88
Cosmo 668ICS750 30 in,258.07,08.01.2025,0.21,80
Filtrete 10x20x1,127.37,05.03.2027,0.21,49
Callaway 2021 Supersoft Golf Balls 12B PK,617.68,26.09.2029,0.26,12
Wolmund Toddler Learning Toy,635.07,22.11.2025,0.21,87
USB Condenser Gaming Microphone,242.69,18.03.2025,0.03,97
Insulated Grocery shopping bag,518.65,20.02.2030,0.05,76
Callaway 2021 Supersoft Golf Balls 12B PK,567.72,16.09.2028,0.04,79
Insulated Grocery shopping bag,40.93,28.04.2025,0.43,63
Sabrent 4-Port USB 2.0 Data Hub,349.58,23.09.2029,0.17,2
Sabrent 4-Port USB 2.0 Data Hub,520.5,01.02.2025,0.01,44
weather-resistant HD security camera,67.13,23.12.2029,0.05,69
Fujifilm Instax Mini Instant Film,523.0,18.12.2027,0.33,94
Workout Traveling Running Casual Hands-Free Wallets,682.93,05.01.2029,0.1,29
Wyze Cam Spotlight,307.4,24.06.2029,0.39,84
Fidget Toys,569.47,16.12.2027,0.08,77
Echo Dot | Smart speaker,674.63,12.10.2025,0.36,91
Silonn Ice Makers Countertop,875.5,03.07.2029,0.35,9
Wyze Cam Spotlight,447.5,01.09.2026,0.46,43
Workout Traveling Running Casual Hands-Free Wallets,413.08,01.08.2027,0.29,10
USB Condenser Gaming Microphone,310.35,21.03.2025,0.49,57
Ortho Home Defense Insect Killer,10.24,05.05.2028,0.05,79
Amazon Basics Exercise Yoga Mat,307.44,28.09.2029,0.4,71
Bathroom Cart Organizer Mobile Shelving,633.4,02.08.2026,0.04,91
Amazon Basics 3-Foot Extension Cord,844.09,10.04.2027,0.35,14
Fresheracc Fridge Freezer Refrigerator Cabinet Lock Latch,384.03,16.01.2027,0.12,90
Amazon Basics Exercise Yoga Mat,316.44,28.12.2025,0.02,70
Baby Monitor Dog Camera 360-degree,380.5,17.04.2027,0.1,18
Paw Patrol,26.28,07.08.2026,0.01,99
Fire TV Cube,539.73,14.08.2027,0.27,43
Mac Book Pro Charger,289.55,22.06.2026,0.07,77
Ferilinso Designed for iPhone 13 Pro Max Camera Lens Protector,26.84,25.04.2028,0.45,99
Aegend Swim Goggles,171.03,26.07.2029,0.03,19
Docking Station USB C to Dual HDMI Adapter,871.65,15.01.2026,0.03,84
Wolmund Toddler Learning Toy,19.47,12.02.2026,0.19,49
Insulated Grocery shopping bag,308.38,27.08.2029,0.03,27
Neoprene Dumbbell Hand Weights,833.13,11.11.2028,0.22,64
Miracle-Gro Indoor Plant Food Spikes,454.7,01.11.2030,0.19,95
Apple AirTag,943.47,13.11.2029,0.25,42
Microfiber Bed Sheet Set with 14” Deep Pockets,492.77,23.11.2028,0.44,100
Non-Abrasive,252.54,07.04.2029,0.13,96
SHASHIBO Shape-Shifting Box – Award-Winning,373.28,15.12.2029,0.05,74
Apple AirTag,726.76,03.06.2026,0.14,23
Party Favors,998.99,04.11.2028,0.19,17
and Gifts,969.25,05.03.2029,0.3,68
Colorful VSCO Waterproof Stickers,268.36,27.10.2029,0.14,50
Fidget Toys Easter Pop,947.36,26.07.2027,0.41,92
Healthy Living Ultra Allergen,411.97,19.10.2028,0.48,79
Workout Traveling Running Casual Hands-Free Wallets,434.75,25.07.2025,0.19,19
Electric Balloon Blower Pump/Electric Balloon Inflator for Decorations,26.36,28.11.2029,0.22,25
Cleaning Gel for Car,969.76,06.12.2029,0.43,62
Kitchens Slow Cooker Liners,999.29,28.12.2030,0.4,8
Microfiber Bed Sheet Set with 14” Deep Pockets,450.11,26.11.2026,0.41,66
T-Sound USB Splitter for Laptop,321.69,23.02.2028,0.39,74
Reusable and Washable,450.6,22.04.2028,0.35,18
Ortho Home Defense Insect Killer,903.0,26.12.2029,0.24,22
Veken Non-Slip Rug Pad Gripper,292.55,09.07.2029,0.46,14
Fire TV Stick with Alexa Voice Remote,557.46,11.07.2026,0.21,80
Healthy Living Ultra Allergen,975.87,23.12.2025,0.25,7
Amazon Basics Exercise Yoga Mat,952.0,12.06.2030,0.3,69
Moto Pups Chase’s Deluxe Pull Back Motorcycle Vehicle with Wheelie Feature and Toy Figure,899.45,19.10.2029,0.23,83
Party Favors,622.84,02.12.2025,0.14,97
Moto Pups Chase’s Deluxe Pull Back Motorcycle Vehicle with Wheelie Feature and Toy Figure,80.65,18.01.2026,0.25,68
Docking Station USB C to Dual HDMI Adapter,17.78,16.02.2028,0.45,30
Intex Dura-Beam Deluxe Comfort Plush Air Mattress,993.48,04.08.2030,0.17,7
Callaway 2021 Supersoft Golf Balls 12B PK,199.64,16.03.2028,0.22,81
Fresheracc Fridge Freezer Refrigerator Cabinet Lock Latch,485.45,17.03.2030,0.21,49
ComfiLife Gel Enhanced Seat Cushion,698.34,18.09.2025,0.17,5
Smart WiFi Router,128.28,10.10.2029,0.08,40
Reusable and Washable,819.82,24.07.2029,0.06,86
Standard Replacement Filters for Pitchers and Dispensers,517.85,17.12.2030,0.21,86
TastePure RV/Marine Water Filter with Flexible Hose Protector,459.69,21.01.2029,0.43,43
ComfiLife Gel Enhanced Seat Cushion,531.76,06.05.2026,0.21,96
Amazon Basics Exercise Yoga Mat,246.73,14.03.2026,0.26,70
Apple AirTag,709.4,05.12.2028,0.33,65
Cosmo 668ICS750 30 in,665.63,05.03.2027,0.48,56
Non-Abrasive,791.73,27.08.2026,0.31,77
Wired Over-Ear Headphones,11.53,08.06.2030,0.06,57
Metal Slinky,637.37,12.09.2026,0.5,3
Fujifilm Instax Mini Instant Film,254.77,23.05.2027,0.4,11
Electric Balloon Blower Pump/Electric Balloon Inflator for Decorations,655.86,09.01.2025,0.35,94
Iron Flask Sports Water Bottle,144.25,18.09.2028,0.23,90
Neoprene Dumbbell Hand Weights,932.24,04.05.2030,0.09,86
T-Sound USB Splitter for Laptop,968.09,13.05.2025,0.48,92
T-Sound USB Splitter for Laptop,82.36,15.08.2026,0.38,63
Healthy Living Ultra Allergen,547.69,04.03.2026,0.24,14
Pizza Grilling Set,220.99,07.10.2025,0.33,29
Original Tamagotchi – 90s,61.88,07.09.2026,0.38,93
Neoprene Dumbbell Hand Weights,990.64,06.02.2028,0.13,61
Flexzilla HFZG510YW Garden Lead,182.93,10.01.2030,0.24,66
weather-resistant HD security camera,540.29,05.09.2029,0.49,96
Veken Non-Slip Rug Pad Gripper,970.07,20.07.2030,0.24,89
Digital Chromatic Tuner for Guitar,289.68,22.11.2026,0.15,50
Original Tamagotchi – 90s,648.19,16.01.2030,0.32,56
EcoNour Car Windshield Sun Shade with Storage Pouch,861.07,19.09.2026,0.27,25
and Gifts,302.09,07.09.2026,0.37,49
Mr Gold Foaming Car Wash Soap,122.83,09.12.2025,0.45,75
LeapFrog 100 Animals Book,238.6,18.03.2028,0.08,83
Focusrite Scarlett Solo 3rd Gen USB Audio Interface,69.81,26.04.2027,0.32,56
Intex Dura-Beam Deluxe Comfort Plush Air Mattress,455.09,01.09.2028,0.32,88
TastePure RV/Marine Water Filter with Flexible Hose Protector,274.56,13.08.2026,0.47,4
Bedside Table with Plastic Poles,299.2,15.08.2028,0.28,13
Intex Dura-Beam Deluxe Comfort Plush Air Mattress,869.87,05.09.2029,0.23,98
Electric Balloon Blower Pump/Electric Balloon Inflator for Decorations,828.7,08.09.2029,0.3,16
Miracle-Gro Indoor Plant Food Spikes,492.41,16.11.2025,0.37,10
Miracle-Gro Indoor Plant Food Spikes,528.58,25.09.2029,0.37,32
EcoNour Car Windshield Sun Shade with Storage Pouch,998.62,25.04.2027,0.36,91
Ortho Home Defense Insect Killer,95.02,24.12.2029,0.39,66
Mini Handheld Vacuum,309.67,08.06.2030,0.37,60
Acoustic Guitar Strings,10.82,18.05.2030,0.48,82
ComfiLife Gel Enhanced Seat Cushion,416.15,12.01.2025,0.41,8
Loop Exercise Bands,926.56,20.03.2030,0.15,47
Loop Exercise Bands,482.96,12.02.2028,0.0,88
ComfiLife Gel Enhanced Seat Cushion,605.54,22.11.2028,0.17,15
T-Sound USB Splitter for Laptop,285.35,28.01.2027,0.23,94
Workout Traveling Running Casual Hands-Free Wallets,559.17,07.02.2025,0.14,31
Echo Dot (4th Gen) | Smart speaker,771.37,21.01.2030,0.16,7
Iron Flask Sports Water Bottle,597.08,28.07.2025,0.44,5
Wagner's 13008 Deluxe Wild Bird Food,467.79,20.03.2026,0.35,77
Electric Balloon Blower Pump/Electric Balloon Inflator for Decorations,720.38,26.05.2030,0.24,35
Party Favors,360.24,01.02.2029,0.06,90
Amazon Basics 3-Foot Extension Cord,411.38,08.09.2029,0.18,68
Coleman Sundome Camping Tent,203.61,14.01.2030,0.07,28
Fire TV Cube,346.55,08.04.2026,0.28,10
Blink Outdoor – wireless,629.61,26.05.2028,0.08,38
Fresheracc Fridge Freezer Refrigerator Cabinet Lock Latch,765.94,02.03.2030,0.25,1
Iron Flask Sports Water Bottle,596.44,16.05.2028,0.14,10
weather-resistant HD security camera,289.09,18.04.2027,0.1,92
Microfiber Bed Sheet Set with 14” Deep Pockets,682.69,19.03.2027,0.09,12
Laundry Door Post 2.0,412.13,20.07.2027,0.18,64
Pokémon Assorted Card,274.36,13.05.2027,0.21,67
Echo Dot | Smart speaker,610.09,17.09.2027,0.15,96
Baby Tablet Preschool Child Early Educational TouchPad for Fun Learn Number ABCs Spelling Animal,365.68,19.08.2029,0.03,27
Original Tamagotchi – 90s,104.88,27.12.2030,0.1,54
MODVEL 2 Pack Knee Brace,711.2,10.08.2029,0.42,36
TERRO T300 Liquid Ant Baits,997.62,25.08.2029,0.16,19
Fidget Toys Easter Pop,446.56,28.04.2026,0.33,84
Kitchens Slow Cooker Liners,176.43,07.04.2028,0.43,80
Wagner's 13008 Deluxe Wild Bird Food,828.7,15.02.2027,0.01,89
Laundry Door Post 2.0,528.99,01.04.2027,0.36,81
Ring Video Doorbell,826.49,26.03.2028,0.13,51
The Original Slinky Walking Spring Toy,805.65,26.01.2029,0.32,19
TERRO T300 Liquid Ant Baits,746.25,05.07.2025,0.23,24
Bosch Workshop Air Filter,792.68,23.02.2030,0.04,73
Fresheracc Fridge Freezer Refrigerator Cabinet Lock Latch,456.54,11.07.2027,0.24,77
Apple AirTag,239.64,26.11.2029,0.31,72
TERRO T300 Liquid Ant Baits,171.69,11.01.2026,0.31,32
Bed and Couch Pillows,608.67,24.08.2030,0.36,42
Moto Pups Chase’s Deluxe Pull Back Motorcycle Vehicle with Wheelie Feature and Toy Figure,596.2,02.12.2028,0.09,33
Standard Replacement Filters for Pitchers and Dispensers,392.01,07.09.2028,0.48,98
Microfiber Cleaning Cloths,163.23,18.09.2026,0.44,98
Non-Abrasive,336.0,05.07.2030,0.2,66
Wolmund Toddler Learning Toy,232.46,10.04.2027,0.33,79
LeapFrog 100 Animals Book,457.05,06.01.2026,0.14,79
Kitchens Slow Cooker Liners,337.6,06.04.2027,0.27,91
Aegend Swim Goggles,762.96,09.02.2028,0.18,39
Amazon Basics XLR Male to Female Microphone Cable – 3 Feet,282.07,25.10.2025,0.34,71
Silonn Ice Makers Countertop,257.08,05.03.2028,0.39,30
Smart WiFi Router,492.51,09.10.2029,0.11,37
Fujifilm Instax Mini Instant Film,131.16,04.07.2025,0.2,48
LeapFrog 100 Animals Book,826.95,26.12.2025,0.01,86
Ferilinso Designed for iPhone 13 Pro Max Camera Lens Protector,246.38,08.09.2029,0.24,37
Wagner's 13008 Deluxe Wild Bird Food,486.98,03.08.2028,0.21,58
Veken Non-Slip Rug Pad Gripper,967.38,22.05.2029,0.18,51
Grampa's Weeder,768.72,18.10.2030,0.49,43
Wireless Bluetooth Karaoke Microphone,646.47,23.03.2027,0.47,26
Silonn Ice Makers Countertop,474.78,23.11.2028,0.39,51
Paw Patrol,291.62,13.12.2025,0.18,39
Original Tamagotchi – 90s,156.01,04.09.2025,0.0,20
Floating Shelves Wall Mounted,995.31,10.11.2029,0.43,72
USB Condenser Gaming Microphone,324.58,27.09.2030,0.19,30
Mini Fridge with Freeze,37.96,19.01.2025,0.08,96
Pizza Grilling Set,894.86,01.04.2030,0.12,56
Fire 7 Kids tablet,239.46,03.05.2030,0.08,50
Ring Video Doorbell,514.23,06.01.2029,0.39,76
LeapFrog 100 Animals Book,344.34,17.08.2029,0.01,79
Smart WiFi Router,467.52,24.10.2025,0.1,74
ComfiLife Gel Enhanced Seat Cushion,80.13,14.08.2025,0.35,66
Water Repellency Wiper Blade,169.55,15.11.2030,0.26,97
ComfiLife Gel Enhanced Seat Cushion,653.24,06.03.2028,0.21,15
Portable,623.48,14.11.2030,0.11,94
High Power,903.44,20.04.2025,0.16,2
Amazon Basics 3-Foot Extension Cord,539.51,11.09.2030,0.12,36
TastePure RV/Marine Water Filter with Flexible Hose Protector,303.45,22.01.2026,0.47,5
Fire HD 8 tablet,672.29,12.08.2028,0.17,16
Pizza Grilling Set,957.46,28.07.2027,0.21,63
Filtrete 10x20x1,804.4,14.09.2027,0.49,38
Water Repellency Wiper Blade,444.16,13.09.2030,0.22,77
Baby Monitor Dog Camera 360-degree,506.96,08.11.2029,0.35,93
Kindle,524.3,20.12.2028,0.39,55
Smart WiFi Router,467.77,11.04.2026,0.46,87
Original Tamagotchi – 90s,403.82,14.06.2028,0.05,14
Electric Balloon Blower Pump/Electric Balloon Inflator for Decorations,399.73,13.03.2026,0.3,3
Laundry Door Post 2.0,413.56,25.07.2028,0.41,33
TastePure RV/Marine Water Filter with Flexible Hose Protector,575.7,21.08.2029,0.19,46
Fire TV Cube,145.17,01.11.2027,0.44,76
Fidget Toys Easter Pop,214.96,06.11.2026,0.17,95
The Original Slinky Walking Spring Toy,476.4,13.02.2029,0.44,38
Party Favors,975.95,19.01.2025,0.2,14
Amazon Basics Exercise Yoga Mat,664.7,17.04.2027,0.28,65
Baby Tablet Preschool Child Early Educational TouchPad for Fun Learn Number ABCs Spelling Animal,591.49,12.12.2030,0.29,46
Microfiber Bed Sheet Set with 14” Deep Pockets,742.77,27.07.2026,0.3,92
Portable,203.64,14.01.2030,0.0,86
TERRO T300 Liquid Ant Baits,717.5,01.11.2030,0.41,25
Moto Pups Chase’s Deluxe Pull Back Motorcycle Vehicle with Wheelie Feature and Toy Figure,45.46,06.09.2028,0.43,45
Laundry Door Post 2.0,709.03,20.09.2028,0.04,82
Bedside Table with Plastic Poles,488.54,28.03.2026,0.36,68
Mac Book Pro Charger,256.1,07.08.2025,0.17,68
Acoustic Guitar Strings,147.36,20.06.2027,0.2,61
Acoustic Guitar Strings,977.2,20.05.2029,0.27,69
Iron Flask Sports Water Bottle,352.57,08.09.2027,0.27,50
TP-Link Deco AX3000 WiFi 6 Mesh System,292.05,13.11.2030,0.19,62
Bed and Couch Pillows,843.3,25.11.2028,0.19,31
Flexzilla HFZG510YW Garden Lead,17.42,24.08.2028,0.27,63
Cleaning Gel for Car,146.88,24.06.2030,0.37,6
Apple AirTag,302.26,12.07.2025,0.15,82
Amazon Basics 3-Foot Extension Cord,903.4,09.01.2029,0.38,61
Portable Laundry Washing Machine,158.59,18.02.2027,0.43,18
Veken Non-Slip Rug Pad Gripper,733.49,08.02.2025,0.29,56
Pizza Grilling Set,161.06,25.05.2028,0.16,34
Sabrent 4-Port USB 2.0 Data Hub,300.11,09.12.2027,0.07,39
The Original Slinky Walking Spring Toy,908.92,28.10.2025,0.0,72
Docking Station USB C to Dual HDMI Adapter,448.1,17.09.2025,0.22,51
Ice Machine Cleaner and Descaler,684.39,03.07.2027,0.27,31
MPR 1500,414.29,03.06.2027,0.11,34
Iron Flask Sports Water Bottle,915.48,27.12.2027,0.31,19
Portable,511.82,24.02.2029,0.49,18
Led Strip Lights,830.31,23.11.2025,0.25,91
Pokémon Assorted Card,724.6,08.05.2030,0.04,92
Filtrete 10x20x1,531.1,10.12.2027,0.48,90
weather-resistant HD security camera,478.0,18.07.2027,0.05,13
MPR 1500,631.36,25.12.2029,0.4,61
Sleek Socket Ultra-Thin Electrical Outlet Cover with 3 Outlet Power Strip,349.18,09.05.2027,0.34,31
Ice Machine Cleaner and Descaler,292.81,14.04.2029,0.36,64
Kindle,661.33,25.01.2026,0.12,63
Moto Pups Chase’s Deluxe Pull Back Motorcycle Vehicle with Wheelie Feature and Toy Figure,317.53,25.07.2029,0.1,48
Portable Countertop Dishwasher,755.11,15.01.2025,0.26,15
Loop Exercise Bands,979.15,23.04.2027,0.34,81
Bathroom Cart Organizer Mobile Shelving,774.68,18.02.2028,0.2,36
Ice Machine Cleaner and Descaler,934.0,14.03.2030,0.24,46
Party Favors,964.24,25.12.2027,0.3,11
SHASHIBO Shape-Shifting Box – Award-Winning,365.75,12.03.2030,0.11,5
Filtrete 10x20x1,978.51,23.02.2030,0.39,59
Kindle,739.46,15.07.2030,0.04,84
Non-Slip Suit Clothes Hangers,944.18,05.05.2026,0.34,30
Bedside Table with Plastic Poles,470.45,23.10.2028,0.07,71
AC Furnace Air Filter,664.02,13.01.2030,0.43,83
Pokémon Assorted Card,192.74,07.08.2027,0.46,67
Docking Station USB C to Dual HDMI Adapter,97.67,06.04.2028,0.14,65
Mobil 1 Extended Performance Full Synthetic Motor Oil,338.87,12.04.2027,0.3,10
Miracle-Gro Indoor Plant Food Spikes,187.95,04.08.2030,0.21,78
CHAPIN 20000 Garden Sprayer 1 Gallon Lawn,858.82,25.02.2028,0.25,40
Water Repellency Wiper Blade,347.23,01.05.2028,0.11,32
Wagner's 13008 Deluxe Wild Bird Food,117.64,09.07.2027,0.39,98
Non-Slip Suit Clothes Hangers,756.88,02.06.2030,0.26,10
TERRO T300 Liquid Ant Baits,748.22,27.06.2026,0.12,54
Colorful VSCO Waterproof Stickers,697.53,16.02.2027,0.02,16
Catchmaster 72MAX Pest Trap,34.96,02.09.2027,0.05,37
Portable Washing Machine,585.27,25.05.2025,0.32,90
Roku Express | HD Streaming Media Player,500.36,27.01.2027,0.28,97
Iron Flask Sports Water Bottle,757.23,10.12.2026,0.37,75
The Original Slinky Walking Spring Toy,636.85,08.02.2027,0.17,13
Fire TV Cube,512.81,14.09.2027,0.1,74
T-Sound USB Splitter for Laptop,824.54,01.12.2026,0.46,82
Loop Exercise Bands,72.2,07.12.2027,0.36,93
Command Large Picture Hanging Strips,360.82,11.11.2030,0.23,84
TERRO T300 Liquid Ant Baits,200.24,15.11.2025,0.4,76
Ernie Ball Hybrid Slinky Electric Guitar Strings,563.05,21.04.2030,0.16,23
Pokémon Assorted Card,573.76,01.12.2030,0.18,76
Amazon Basics Guitar Folding A-Frame Stand,998.32,20.04.2030,0.13,41
Ernie Ball Hybrid Slinky Electric Guitar Strings,673.04,23.10.2029,0.18,14
Mr Gold Foaming Car Wash Soap,916.5,05.09.2029,0.35,14
Catchmaster 72MAX Pest Trap,986.61,03.06.2025,0.36,57
Miracle-Gro Indoor Plant Food Spikes,249.4,08.01.2027,0.24,52
Ortho Home Defense Insect Killer,484.47,05.09.2025,0.01,21
Coleman Sundome Camping Tent,168.96,02.12.2027,0.47,4
Fire HD 8 tablet,540.05,19.04.2026,0.43,74
weather-resistant HD security camera,795.02,02.11.2030,0.14,91
Roku Express | HD Streaming Media Player,805.75,27.08.2026,0.42,89
Acoustic Guitar Strings,59.5,25.02.2029,0.47,43
MPR 1500,440.73,03.03.2030,0.36,4
Portable Laundry Washing Machine,480.22,04.02.2029,0.02,6
Portable,729.35,06.03.2027,0.05,38
Aegend Swim Goggles,362.87,07.07.2025,0.49,89
Bed and Couch Pillows,513.94,02.05.2029,0.13,28
Bedside Table with Plastic Poles,445.26,08.03.2027,0.05,30
Standard Replacement Filters for Pitchers and Dispensers,165.47,13.06.2026,0.13,84
Bed and Couch Pillows,300.13,28.07.2030,0.22,58
Ferilinso Designed for iPhone 13 Pro Max Camera Lens Protector,729.06,13.03.2029,0.3,100
LeapFrog 100 Animals Book,646.37,22.09.2028,0.35,6
Amazon Basics Exercise Yoga Mat,187.56,21.06.2026,0.36,100
weather-resistant HD security camera,192.09,17.06.2027,0.25,58
Wired Over-Ear Headphones,261.63,26.05.2028,0.16,78
Water Repellency Wiper Blade,584.5,10.05.2030,0.45,40
Paw Patrol,72.88,05.08.2026,0.16,9
Mini Fridge with Freeze,376.32,25.09.2026,0.34,43
Scotts Turf Builder Weed and Feed,417.74,09.01.2029,0.02,34
Bathroom Cart Organizer Mobile Shelving,85.92,01.05.2029,0.48,76
Moto Pups Chase’s Deluxe Pull Back Motorcycle Vehicle with Wheelie Feature and Toy Figure,790.79,21.11.2030,0.08,62
Baby Tablet Preschool Child Early Educational TouchPad for Fun Learn Number ABCs Spelling Animal,877.09,04.10.2025,0.06,73
Neoprene Dumbbell Hand Weights,75.6,22.02.2029,0.03,51
CHAPIN 20000 Garden Sprayer 1 Gallon Lawn,205.91,24.11.2027,0.41,37
Portable,714.14,17.11.2028,0.3,49
Original Tamagotchi – 90s,883.85,03.05.2025,0.39,35
Portable Laundry Washing Machine,990.82,24.10.2030,0.14,43
Cosmo 668ICS750 30 in,340.95,07.12.2027,0.22,63
Microfiber Cleaning Cloths,268.21,01.02.2027,0.42,45
Neoprene Dumbbell Hand Weights,373.78,02.05.2026,0.4,30
Bathroom Cart Organizer Mobile Shelving,565.1,17.09.2028,0.26,44
Mini Fridge with Freeze,627.13,08.05.2028,0.49,54
Grampa's Weeder,585.98,19.02.2028,0.45,33
Amazon Basics 3-Foot Extension Cord,267.57,12.12.2029,0.29,78
SHASHIBO Shape-Shifting Box – Award-Winning,605.95,23.02.2030,0.47,83
Kitchens Slow Cooker Liners,604.27,06.08.2029,0.36,44
Reusable and Washable,159.08,04.04.2025,0.09,53
Fujifilm Instax Mini Instant Film,823.41,22.07.2029,0.16,8
Bed and Couch Pillows,878.0,06.08.2030,0.05,39
Catchmaster 72MAX Pest Trap,67.03,07.11.2028,0.35,77
Catchmaster 72MAX Pest Trap,847.35,13.08.2026,0.06,96
Floating Shelves Wall Mounted,246.49,18.07.2025,0.1,71
Mini Fridge with Freeze,512.26,12.09.2029,0.18,65
High Power,712.67,06.07.2025,0.01,2
Wyze Cam Spotlight,921.95,13.10.2025,0.45,19
Fire TV Stick with Alexa Voice Remote,490.87,17.08.2030,0.24,84
Colorful VSCO Waterproof Stickers,447.89,22.10.2027,0.13,96
SHASHIBO Shape-Shifting Box – Award-Winning,72.59,18.04.2026,0.22,36
The Original Slinky Walking Spring Toy,276.75,07.08.2030,0.25,8
Kitchens Slow Cooker Liners,550.52,20.07.2030,0.03,27
Wolmund Toddler Learning Toy,514.95,28.08.2025,0.28,52
Cleaning Gel for Car,352.56,15.04.2027,0.48,56
Floating Shelves Wall Mounted,335.28,14.04.2027,0.4,96
Black Disposable Face Mask,25.37,24.06.2029,0.48,63
Filtrete 10x20x1,718.54,17.08.2030,0.3,78
Insulated Grocery shopping bag,131.37,11.04.2028,0.21,66
Mobil 1 Extended Performance Full Synthetic Motor Oil,972.74,21.10.2026,0.14,58
and Gifts,508.33,06.06.2028,0.11,99
MODVEL 2 Pack Knee Brace,667.71,17.05.2026,0.15,46
Moto Pups Chase’s Deluxe Pull Back Motorcycle Vehicle with Wheelie Feature and Toy Figure,442.66,20.05.2030,0.43,9
Pizza Grilling Set,20.21,01.09.2026,0.14,32
a Hands-free streaming device with Alexa,576.92,08.07.2030,0.18,88
Traeger Grills Apple,55.98,11.01.2026,0.45,98
Microfiber Cleaning Cloths,325.74,16.09.2029,0.42,25
ComfiLife Gel Enhanced Seat Cushion,337.93,13.03.2025,0.18,88
Microfiber Cleaning Cloths,382.41,24.07.2026,0.41,68
SKIP-BO Card Game,926.23,26.10.2028,0.31,15
Electric Instrument Cable,80.8,23.07.2028,0.11,15
weather-resistant HD security camera,399.89,20.02.2026,0.2,91
Healthy Living Ultra Allergen,356.33,24.03.2030,0.06,84
High Power,608.17,25.02.2026,0.37,34
Bosch Workshop Air Filter,625.78,26.11.2027,0.14,9
Acoustic Guitar Strings,509.33,21.04.2025,0.41,77
USB Condenser Gaming Microphone,940.29,06.10.2029,0.22,15
Filtrete 10x20x1,626.43,25.12.2030,0.35,72
Amazon Basics Exercise Yoga Mat,70.19,19.11.2030,0.41,51
Wolmund Toddler Learning Toy,727.9,02.06.2025,0.13,46
Digital Chromatic Tuner for Guitar,574.08,12.10.2028,0.19,27
Docking Station USB C to Dual HDMI Adapter,283.32,19.03.2027,0.43,31
SKIP-BO Card Game,135.9,19.12.2029,0.01,64
Digital Chromatic Tuner for Guitar,982.8,01.04.2027,0.29,93
Portable,952.83,02.05.2028,0.3,70
Miracle-Gro Indoor Plant Food Spikes,898.25,19.04.2026,0.33,50
Electric Instrument Cable,711.97,16.12.2029,0.25,66
Baby Monitor Dog Camera 360-degree,887.14,23.10.2028,0.06,90
Healthy Living Ultra Allergen,649.49,27.09.2026,0.03,50
Wolmund Toddler Learning Toy,493.47,10.11.2025,0.49,45
Scotts Turf Builder Weed and Feed,974.61,10.02.2025,0.31,53
Apple AirTag,454.9,01.11.2030,0.36,84
Loop Exercise Bands,729.13,09.12.2028,0.27,25
Portable Countertop Dishwasher,117.53,09.06.2027,0.48,13
Portable,642.43,20.10.2025,0.07,98
TastePure RV/Marine Water Filter with Flexible Hose Protector,229.52,08.07.2026,0.06,52
Pizza Grilling Set,37.21,26.07.2025,0.09,13
Filtrete 10x20x1,283.15,09.05.2027,0.3,66
Workout Traveling Running Casual Hands-Free Wallets,970.57,27.04.2027,0.02,46
Ice Machine Cleaner and Descaler,146.88,01.03.2025,0.3,29
EcoNour Car Windshield Sun Shade with Storage Pouch,682.65,20.06.2030,0.29,69
Electric Balloon Blower Pump/Electric Balloon Inflator for Decorations,408.72,09.04.2025,0.24,60
SKIP-BO Card Game,188.01,26.03.2026,0.37,56
Electric Instrument Cable,425.44,12.07.2028,0.19,93
Floating Shelves Wall Mounted,483.51,04.12.2028,0.48,69
Bathroom Cart Organizer Mobile Shelving,326.56,19.02.2025,0.06,15
Bedside Table with Plastic Poles,407.5,04.04.2027,0.29,25
Patented Fidget Cube w/ 36 Rare Earth Magnets,235.57,15.08.2028,0.25,9
SHASHIBO Shape-Shifting Box – Award-Winning,422.46,16.12.2026,0.1,27
Command Large Picture Hanging Strips,608.33,04.04.2029,0.18,77
Fire TV Stick with Alexa Voice Remote,715.56,26.09.2026,0.1,10
Echo Dot (4th Gen) | Smart speaker,110.31,03.11.2030,0.0,60
Microfiber Cleaning Cloths,841.02,17.05.2025,0.45,37
The Original Slinky Walking Spring Toy,813.07,05.08.2025,0.29,25
Black Disposable Face Mask,490.85,26.01.2028,0.25,26
Amazon Basics 3-Foot Extension Cord,906.89,20.09.2029,0.25,2
Colorful VSCO Waterproof Stickers,689.0,02.04.2025,0.13,84
Laundry Door Post 2.0,763.15,18.03.2028,0.18,22
Mini Fridge with Freeze,931.5,14.04.2027,0.44,89
Fidget Toys Easter Pop,980.88,22.02.2025,0.12,13
Amazon Basics Guitar Folding A-Frame Stand,840.7,21.02.2026,0.49,6
Ring Video Doorbell,960.86,01.01.2028,0.25,10
Veken Non-Slip Rug Pad Gripper,174.81,24.07.2028,0.13,79
Microfiber Cleaning Cloths,171.6,20.06.2027,0.05,8
Mini Fridge with Freeze,989.06,16.04.2030,0.24,86
Non-Slip Suit Clothes Hangers,160.18,13.09.2028,0.0,49
Acoustic Guitar Strings,407.44,07.11.2026,0.39,15
Ernie Ball Hybrid Slinky Electric Guitar Strings,564.03,14.08.2026,0.36,76
a Hands-free streaming device with Alexa,990.5,04.04.2027,0.23,57
Bed and Couch Pillows,578.29,11.08.2028,0.3,48
Ice Machine Cleaner and Descaler,85.88,13.05.2027,0.35,64
Fire TV Stick with Alexa Voice Remote,700.03,28.04.2026,0.09,8
Ortho Home Defense Insect Killer,453.89,20.06.2029,0.48,79
Filtrete 10x20x1,863.58,27.08.2029,0.36,17
Ferilinso Designed for iPhone 13 Pro Max Camera Lens Protector,476.78,27.05.2030,0.31,49
Portable,648.97,04.08.2030,0.13,57
Healthy Living Ultra Allergen,219.38,16.10.2029,0.24,61
Flexzilla HFZG510YW Garden Lead,338.67,18.11.2029,0.46,70
Amazon Basics Exercise Yoga Mat,806.62,25.12.2025,0.2,63
Sabrent 4-Port USB 2.0 Data Hub,173.05,15.02.2027,0.28,21
Fidget Toys Easter Pop,591.2,23.10.2029,0.47,81
Acoustic Guitar Strings,472.41,03.06.2026,0.03,97
Water Repellency Wiper Blade,47.02,18.04.2026,0.46,53
Intex Dura-Beam Deluxe Comfort Plush Air Mattress,929.37,07.05.2030,0.29,65
Apple AirTag,48.28,21.06.2025,0.41,40
CHAPIN 20000 Garden Sprayer 1 Gallon Lawn,922.42,10.06.2026,0.3,13
Moto Pups Chase’s Deluxe Pull Back Motorcycle Vehicle with Wheelie Feature and Toy Figure,491.37,02.03.2026,0.38,9
Apple AirTag,708.59,20.09.2026,0.21,53
Non-Abrasive,459.97,23.09.2027,0.2,33
Everydrop by Whirlpool Ice and Water Refrigerator,494.57,07.03.2026,0.16,92
Scotts Turf Builder Weed and Feed,41.27,20.02.2025,0.23,95
Blink Outdoor – wireless,468.62,22.07.2025,0.43,55
MPR 1500,810.46,01.01.2030,0.32,39
Wolmund Toddler Learning Toy,670.77,26.09.2029,0.23,41
Reusable and Washable,375.33,24.10.2028,0.05,8
Bathroom Cart Organizer Mobile Shelving,278.38,21.10.2026,0.23,92
Ferilinso Designed for iPhone 13 Pro Max Camera Lens Protector,741.52,24.05.2027,0.31,7
Non-Abrasive,874.94,09.09.2027,0.26,3
MPR 1500,658.58,09.03.2026,0.38,90
Focusrite Scarlett Solo 3rd Gen USB Audio Interface,888.85,21.02.2025,0.48,49
and Gifts,922.86,13.11.2029,0.04,50
Docking Station USB C to Dual HDMI Adapter,830.14,18.02.2025,0.31,9
TP-Link Deco AX3000 WiFi 6 Mesh System,250.48,12.07.2029,0.07,20
SKIP-BO Card Game,562.95,28.04.2026,0.46,30
Callaway 2021 Supersoft Golf Balls 12B PK,297.02,01.09.2028,0.47,100
Pizza Grilling Set,294.22,17.04.2026,0.07,22
Black Disposable Face Mask,636.07,17.07.2028,0.31,89
Patented Fidget Cube w/ 36 Rare Earth Magnets,515.14,05.10.2025,0.1,29
Bedside Table with Plastic Poles,361.15,11.10.2029,0.22,20
